tutorial_title,tutorial_author,submission_date
Dotnet Core,Akhand,12/3/2022
Sql Server,Akhand,12/3/2022
Mysql,Akhand,12/3/2022
Javascript,Akhand,12/3/2022
AWS,Akhand,12/3/2022
Python CRUD,Akhand,12/3/2022
Laravel CRUD,Akhand,12/3/2022
Django CRUD,Akhand,12/3/2022
Cake CRUD,Akhand,12/3/2022
Magento,Akhand,12/3/2022
ASP CRUD,Akhand,12/3/2022
PHP CRUD,Akhand,12/3/2022
DotNet CRUD,Akhand,12/3/2022
Java CRUD,Akhand,12/3/2022
Kotlin CRUD,Akhand,12/3/2022
Angular js,Akhand,12/3/2022
Node js,Akhand,12/3/2022
Python CRUD,Akhand,12/3/2022
React,Akhand,12/3/2022
ASP CRUD,Akhand,12/3/2022
PHP CRUD,Akhand,12/3/2022
Python CRUD,Akhand,12/3/2022
Laravel CRUD,Akhand,12/3/2022
